，按日期，按大小记录 -->
        <rollingPolicy class="ch.qos.logback.core.rolling.TimeBasedRollingPolicy">
            <fileNamePattern>${log.path}/web-error-%d{yyyy-MM-dd}.%i.log</fileNamePattern>
            <timeBasedFileNamingAndTriggeringPolicy class="ch.qos.logback.core.rolling.SizeAndTimeBasedFNATP">
                <maxFileSize>100MB</maxFileSize>
            </timeBasedFileNamingAndTriggeringPolicy>
            <!--日志文档保留天数-->
            <maxHistory>15</maxHistory>
        </rollingPolicy>
        <!-- 此日志文档只记录ERROR级别的 -->
        <filter class="ch.qos.logback.classic.filter.LevelFilter">
            <level>ERROR</level>
            <onMatch>ACCEPT</onMatch>
            <onMismatch>DENY</onMismatch>
        </filter>
    </appender>

    <!--
        <logger>用来设置某一个包或者具体的某一个类的日志打印级别、
        以及指定<appender>。<logger>仅有一个name属性，
        一个可选的level和一个可选的addtivity属性。
        name:用来指定受此logger约束的某一个包或者具体的某一个类。
        level:用来设置打印级别，大小写无关：TRACE, DEBUG, INFO, WARN, ERROR, ALL 和 OFF，
              还有一个特俗值INHERITED或者同义词NULL，代表强制执行上级的级别。
              如果未设置此属性，那么当前logger将会继承上级的级别。
        addtivity:是否向上级logger传递打印信息。默认是true。
        <logger name="org.springframework.web" level="info"/>
        <logger name="org.springframework.scheduling.annotation.ScheduledAnnotationBeanPostProcessor" level="INFO"/>
    -->

    <!--
        使用mybatis的时候，sql语句是debug下才会打印，而这里我们只配置了info，所以想要查看sql语句的话，有以下两种操作：
        第一种把<root level="info">改成<root level="DEBUG">这样就会打印sql，不过这样日志那边会出现很多其他消息
        第二种就是单独给dao下目录配置debug模式，代码如下，这样配置sql语句会打印，其他还是正常info级别：
        【logging.level.org.mybatis=debug logging.level.dao=debug】
     -->

    <!--
        root节点是必选节点，用来指定最基础的日志输出级别，只有一个level属性
        level:用来设置打印级别，大小写无关：TRACE, DEBUG, INFO, WARN, ERROR, ALL 和 OFF，
        不能设置为INHERITED或者同义词NULL。默认是DEBUG
        可以包含零个或多个元素，标识这个appender将会添加到这个logger。
    -->

    <!-- 4. 最终的策略 -->
    <!-- 4.1 开发环境:打印控制台-->
    <springProfile name="dev">
        <logger name="com.goldcard.tenant.biz" level="debug"/>
    </springProfile>

    <root level="debug">
        <appender-ref ref="CONSOLE" />
        <appender-ref ref="DEBUG_FILE" />
        <appender-ref ref="INFO_FILE" />
        <appender-ref ref="WARN_FILE" />
        <appender-ref ref="ERROR_FILE" />
    </root>

    <!-- 4.2 生产环境:输出到文档
    <springProfile name="pro">
        <root level="info">
            <appender-ref ref="CONSOLE" />
            <appender-ref ref="DEBUG_FILE" />
            <appender-ref ref="INFO_FILE" />
            <appender-ref ref="ERROR_FILE" />
            <appender-ref ref="WARN_FILE" />
        </root>
    </springProfile> -->

</configuration><?xml version="1.0" encoding="UTF-8"?>
<!DOCTYPE mapper PUBLIC "-//mybatis.org//DTD Mapper 3.0//EN" "http://mybatis.org/dtd/mybatis-3-mapper.dtd">
<mapper namespace="com.goldcard.ec.tenant.mapper.OrdersDetailMapper">
    <resultMap id="OrdersDetailResultMap" type="com.goldcard.ec.tenant.domain.OrdersDetail">
        <result column="id" jdbcType="VARCHAR" property="id"/>
        <result column="orders_id" jdbcType="VARCHAR" property="ordersId"/>
        <result column="goods_id" jdbcType="VARCHAR" property="goodsId"/>
        <result column="goods_name" jdbcType="VARCHAR" property="goodsName"/>
        <result column="goods_kindname" jdbcType="VARCHAR" property="goodsKindname"/>
    </resultMap>
    <sql id="Base_Column">
        id,orders_id,goods_id,goods_name,goods_kindname
    </sql>
    <insert id="insertDetail" parameterType="com.goldcard.ec.tenant.domain.OrdersDetail">
        INSERT INTO orders_detail(
        <include refid="Base_Column"/>
        )
        VALUES (#{id},#{ordersId},#{goodsId},#{goodsName},#{goodsKindname})
    </insert>

    <select id="selectDetailByOrderId" parameterType="java.lang.String" resultMap="OrdersDetailResultMap">
        SELECT
        <include refid="Base_Column"/>
        FROM orders_detail WHERE orders_id=#{ordersId}
    </select>

    <select id="selectDetailById" parameterType="java.lang.String" resultMap="OrdersDetailResultMap">
        SELECT
        <include refid="Base_Column"/>
        FROM orders_detail WHERE id=#{id}
    </select>
</mapper>
<?xml version="1.0" encoding="UTF-8"?>
<!DOCTYPE mapper PUBLIC "-//mybatis.org//DTD Mapper 3.0//EN" "http://mybatis.org/dtd/mybatis-3-mapper.dtd">
<mapper namespace="com.goldcard.ec.tenant.mapper.OrdersMapper">
    <resultMap id="OrdersResultMap" type="com.goldcard.ec.tenant.domain.Orders">
        <id column="id" property="id" jdbcType="VARCHAR"/>
        <result column="parent_orders_uuid" property="parentOrdersUuid" jdbcType="VARCHAR"/>
        <result column="parent_orders_id" property="parentOrdersId" jdbcType="VARCHAR"/>
        <result column="order_origin" property="orderOrigin" jdbcType="CHAR"/>
        <result column="order_type" property="orderType" jdbcType="CHAR"/>
        <result column="adddate" property="adddate" jdbcType="TIMESTAMP"/>
    </resultMap>
    <sql id="Base_Column">
        id,parent_orders_uuid,parent_orders_id,order_origin,order_type,adddate
    </sql>
    <insert id="insertOrders" parameterType="com.goldcard.ec.tenant.domain.Orders">
        INSERT INTO orders(
        <include refid="Base_Column"/>
        )
        VALUES(#{id},#{parentOrdersUuid},#{parentOrdersId},#{orderOrigin},#{orderType},#{adddate})
    </insert>
    <select id="selectById" parameterType="java.lang.String" resultMap="OrdersResultMap">
        SELECT
        <include refid="Base_Column"/>
        FROM orders WHERE id=#{id}
    </select>
    <select id="queryOrdersPage" resultMap="OrdersResultMap">
        SELECT
        <include refid="Base_Column"/>
        FROM orders
        WHERE id &gt;=#{id}
        ORDER BY id DESC
        LIMIT #{current},#{pageSize}
    </select>
    <select id="queryBetweenDate" resultMap="OrdersResultMap">
        SELECT
        <include refid="Base_Column"/>
        FROM orders
        -- WHERE adddate &gt;= #{startTime} AND adddate &lt;= #{endTime}
        WHERE adddate BETWEEN #{startTime} AND #{endTime}
    </select>
    <select id="queryInById" parameterType="java.util.List" resultMap="OrdersResultMap">
        SELECT
        <include refid="Base_Column"/>
        FROM orders
        <where>
            id IN
            <foreach collection="ids" item="id" separator="," open="(" close=")">
                #{id}
            </foreach>
        </where>
    </select>
</mapper>
<?xml version="1.0" encoding="UTF-8"?>
<!DOCTYPE mapper PUBLIC "-//mybatis.org//DTD Mapper 3.0//EN" "http://mybatis.org/dtd/mybatis-3-mapper.dtd">
<mapper namespace="com.goldcard.ec.tenant.mapper.TenantConfigMapper">
    <resultMap id="tenantConfigMap"
               type="com.goldcard.ec.tenant.domain.TenantConfig">
        <id property="tenantId" column="tenant_id"/>
        <result property="customizeResetSurplus" column="customize_reset_surplus"/>
        <result property="printRepairReceipt" column="print_repair_receipt"/>
        <result property="initialCycQty" column="initial_cyc_qty"/>
        <result property="createTime" column="create_time"/>
        <result property="timeSplitEnable" column="time_split_enable"/>
        <result property="adjustLadder" column="adjust_ladder"/>
        <result prop